clip(dB20(dft(v("/VOUT" ?result "tran") 1024n 2048n 8192 "Rectangular" 1 1 )) 0 1G ) X,clip(dB20(dft(v("/VOUT" ?result "tran") 1024n 2048n 8192 "Rectangular" 1 1 )) 0 1G ) Y
0,-7.021792857221492
976562.4999999999,-73.85205185683502
1953125,-68.44149683154195
2929687.5,-75.97754506798043
3906250,-70.03629636638551
4882812.499999999,-74.95663472436223
5859374.999999999,-69.3120602660988
6835937.499999999,-78.6375884225005
7812499.999999999,-68.6625655860099
8789062.499999998,-96.99735887602043
9765624.999999998,-63.85079184662706
10742187.5,-79.52179682681785
11718750,-74.80789503775868
12695312.5,-73.71244966075838
13671875,-81.35767429536381
14648437.5,-82.89526878844835
15625000,-70.90523568019385
16601562.5,-83.92228593383707
17578125,-69.87079343844448
18554687.5,-75.17826266000601
19531250,-77.10314474746342
20507812.5,-76.75192982673252
21484375,-74.98896927470922
22460937.5,-72.77177191449226
23437500,-66.40145005520172
24414062.5,-81.6238945626169
25390625,-67.52962515107178
26367187.5,-79.61064503214628
27343750,-70.76644045216966
28320312.5,-73.36615785062578
29296875,-66.94035862101526
30273437.5,-78.00037586647633
31250000,-76.2365694763579
32226562.5,-74.35472513571979
33203125,-66.31096600396687
34179687.49999999,-70.65099441767748
35156249.99999999,-63.99943549513491
36132812.49999999,-71.02001693767369
37109374.99999999,-69.27449764085571
38085937.49999999,-77.27149819406799
39062499.99999999,-69.94128671929572
40039062.49999999,-73.77088680156831
41015624.99999999,-72.18862183489118
41992187.49999999,-79.85756507829345
42968749.99999999,-65.80234405568213
43945312.49999999,-76.67632485544627
44921874.99999999,-73.04500216277563
45898437.49999999,-78.00860987182253
46874999.99999999,-68.81665000275397
47851562.49999999,-80.50859962531845
48828124.99999999,-79.66103486861057
49804687.49999999,-81.6002014884232
50781249.99999999,-68.66563225789797
51757812.49999999,-74.36030544654047
52734374.99999999,-64.30118828515779
53710937.49999999,-83.81485102041391
54687499.99999999,-66.47418703509464
55664062.49999999,-71.18662300343131
56640624.99999999,-69.39178269143133
57617187.49999999,-76.968057886884
58593749.99999999,-64.15874235042789
59570312.49999999,-69.10379582750488
60546874.99999999,-80.27699084045678
61523437.49999999,-73.97101004863558
62499999.99999999,-75.93359617310415
63476562.49999999,-81.66722969333814
64453124.99999999,-74.00510621586731
65429687.49999999,-84.63832847274476
66406249.99999999,-63.60235877830123
67382812.49999999,-78.37027301518637
68359374.99999999,-70.69544516288575
69335937.49999999,-79.67180891694329
70312499.99999999,-68.07968540433448
71289062.49999999,-73.38546465850334
72265624.99999999,-77.2624222123067
73242187.49999999,-73.60252403432165
74218749.99999999,-72.87524079733683
75195312.49999999,-71.87630199899849
76171874.99999999,-76.53414972029834
77148437.49999999,-75.46089985566259
78124999.99999999,-64.59358586900953
79101562.49999999,-77.66052278952951
80078124.99999999,-72.72594835829227
81054687.49999999,-74.26624119935866
82031249.99999999,-70.55328276726124
83007812.49999999,-87.61714223457905
83984374.99999999,-71.34418335274675
84960937.49999999,-76.86644316390449
85937499.99999999,-75.3004680503558
86914062.49999999,-75.51975605241974
87890624.99999999,-72.88584680482047
88867187.49999999,-72.29195049356665
89843749.99999999,-74.81875661428889
90820312.49999999,-68.64788538290563
91796874.99999999,-72.30909886485651
92773437.49999999,-69.85077516929255
93749999.99999999,-65.44837981571392
94726562.49999999,-70.86560205854684
95703124.99999999,-7.074474810299328
96679687.49999999,-68.43542339079113
97656249.99999999,-70.43376117075472
98632812.49999999,-74.8704361267999
99609374.99999999,-71.29214975406977
100585937.5,-80.11640821803088
101562500,-77.25058891839754
102539062.5,-85.76135260949967
103515625,-75.12295619686908
104492187.5,-75.00407376956869
105468750,-61.1288586233255
106445312.5,-79.16683580708329
107421875,-72.84772533816958
108398437.5,-75.84894545596681
109375000,-87.30747573789544
110351562.5,-78.76089434811192
111328125,-72.94514409839685
112304687.5,-73.84328358757766
113281250,-67.75214552426706
114257812.5,-75.00454910886134
115234375,-67.68076274347672
116210937.5,-70.00985840885407
117187500,-74.07649281080658
118164062.5,-76.25705356687894
119140625,-89.31307888108039
120117187.5,-75.21842751656888
121093750,-68.19761308243004
122070312.5,-73.31970485619159
123046875,-73.8091765426754
124023437.5,-82.71103328717237
125000000,-67.92920719782376
125976562.5,-75.64670593122214
126953125,-74.26350061543673
127929687.5,-80.70879279943485
128906250,-70.81988027178222
129882812.5,-75.34454658319753
130859375,-64.2609075246661
131835937.5,-77.43490345771229
132812500,-68.61276648906841
133789062.5,-84.53759640628338
134765625,-68.79822461817112
135742187.5,-79.15140034669544
136718750,-70.24822260593164
137695312.5,-72.59782689503049
138671875,-57.07357785496455
139648437.5,-75.87852719873302
140625000,-81.29330780254141
141601562.5,-78.32417831403818
142578125,-68.22181330067656
143554687.5,-79.16200315599289
144531250,-80.03609609096796
145507812.5,-72.12425943218803
146484375,-69.56698750263374
147460937.5,-80.97884715997132
148437500,-60.89437757971506
149414062.5,-73.53741229668873
150390625,-69.7475113307093
151367187.5,-85.07927780374038
152343750,-69.76808975015705
153320312.5,-71.25590369850592
154296875,-86.66146048564001
155273437.5,-73.76972640665201
156250000,-69.41185223280272
157226562.5,-84.58682347143041
158203125,-76.64867416272571
159179687.5,-88.21306900910452
160156250,-72.57652137227639
161132812.5,-91.90599455827591
162109375,-81.29629822905048
163085937.5,-80.63068317040876
164062500,-63.64675295654582
165039062.5,-79.48544864766697
166015625,-70.98349961612188
166992187.5,-85.43654953957554
167968750,-78.41549789755663
168945312.5,-74.56327603015902
169921875,-70.2884783348259
170898437.5,-74.85586254822647
171875000,-69.08132181138913
172851562.5,-77.24832677272869
173828125,-67.34802779532313
174804687.5,-75.85927582061116
175781250,-77.55213577325756
176757812.5,-81.403438232681
177734375,-65.23592611105856
178710937.5,-73.27351697364713
179687500,-73.66638391068882
180664062.5,-77.28519360602587
181640625,-65.80447316513703
182617187.5,-81.57216508244497
183593750,-65.12513598916344
184570312.5,-75.25185563723217
185546875,-69.12681379642569
186523437.5,-77.72633735633495
187500000,-76.34651387688817
188476562.5,-78.23666930066227
189453125,-71.53937605269873
190429687.5,-80.264292001621
191406250,-52.714431237132
192382812.5,-83.44243741864926
193359375,-66.36770611289408
194335937.5,-89.20538584636441
195312500,-69.14773761158926
196289062.5,-73.00952232047494
197265625,-83.15355958138821
198242187.5,-85.64415218260613
199218750,-71.50486849674441
200195312.5,-77.95188112611235
201171875,-67.85629038921731
202148437.5,-76.46411421891091
203125000,-69.91833362691754
204101562.5,-71.34480682129946
205078125,-77.16561315556963
206054687.5,-79.63069654766817
207031250,-75.62689372965924
208007812.5,-76.19009989131511
208984375,-73.53377497406726
209960937.5,-81.52132927319143
210937500,-73.38543907776646
211914062.5,-80.2040094278879
212890625,-84.52219119917456
213867187.5,-92.73488770067064
214843750,-67.70731922412757
215820312.5,-82.7425902765071
216796875,-66.8747903644301
217773437.5,-74.51800544547739
218750000,-64.67909646801569
219726562.5,-71.49978083507575
220703125,-67.09906056705613
221679687.5,-92.31899847635869
222656250,-77.51218011691547
223632812.5,-73.62974695838322
224609375,-75.99171498853158
225585937.5,-76.80656297951504
226562500,-63.09886149916856
227539062.5,-74.6685995488096
228515625,-76.96708053407025
229492187.5,-75.66783458557445
230468750,-69.63481902963275
231445312.5,-78.28531858310731
232421875,-78.12756595865538
233398437.5,-79.13920709649112
234375000,-52.57615951929511
235351562.5,-71.40710064340057
236328125,-71.94555226158107
237304687.5,-74.75314710266525
238281250,-69.99489809980207
239257812.5,-81.36043120491529
240234375,-79.21167520355438
241210937.5,-75.04185944368709
242187500,-69.17191500349993
243164062.5,-78.15522662045137
244140625,-65.13153083158176
245117187.5,-81.55608529886469
246093750,-86.81906572602583
247070312.5,-73.26904519354322
248046875,-96.91697986164786
249023437.5,-74.905321098033
250000000,-66.35888192827022
250976562.5,-77.73293919269261
251953125,-69.70022792474094
252929687.5,-76.01675728263383
253906250,-71.07864772253254
254882812.5,-82.88571349233735
255859375,-77.40080382139291
256835937.5,-84.97062458597161
257812500,-78.85950039782928
258789062.5,-74.25340094916237
259765625,-71.60124642701474
260742187.5,-76.87810596082871
261718750,-77.387091859276
262695312.5,-73.77242980681453
263671875,-76.96317319822367
264648437.5,-75.19271865803587
265625000,-73.49480404136533
266601562.5,-84.37144996549742
267578125,-81.11723543018658
268554687.4999999,-82.48939069814978
269531249.9999999,-81.6807178571306
270507812.4999999,-80.67200447540748
271484374.9999999,-68.08300466677211
272460937.4999999,-75.19919298999353
273437499.9999999,-85.01809100248522
274414062.4999999,-73.7607508768655
275390624.9999999,-73.26191733314154
276367187.4999999,-75.21489602876828
277343749.9999999,-68.6598730688618
278320312.4999999,-76.08544786147922
279296874.9999999,-83.47595642871943
280273437.4999999,-80.10326242853675
281249999.9999999,-71.50580590695533
282226562.4999999,-79.90230052460731
283203124.9999999,-70.11173450287852
284179687.4999999,-78.49974128681484
285156249.9999999,-73.63379134827173
286132812.4999999,-79.72275636936133
287109374.9999999,-55.87339239678984
288085937.4999999,-74.69994988495675
289062499.9999999,-71.88972621095454
290039062.4999999,-73.75210696769179
291015624.9999999,-67.77925464074799
291992187.4999999,-75.35150184149869
292968749.9999999,-66.31835798402149
293945312.4999999,-76.68209257264481
294921874.9999999,-71.61661923158805
295898437.4999999,-79.15339873021311
296874999.9999999,-67.77983311356752
297851562.4999999,-78.24220999142196
298828124.9999999,-69.50798375848666
299804687.4999999,-79.8262907024186
300781249.9999999,-76.61504264654249
301757812.4999999,-85.93283024842761
302734374.9999999,-74.14894071987202
303710937.4999999,-72.84764105272978
304687499.9999999,-67.19646861450248
305664062.4999999,-74.23796034712586
306640624.9999999,-76.05130829478223
307617187.4999999,-71.69964861123113
308593749.9999999,-74.51506099245623
309570312.4999999,-80.34147550588794
310546874.9999999,-93.61093225464653
311523437.4999999,-77.72336428630467
312499999.9999999,-77.92606763579479
313476562.4999999,-79.55983953483478
314453124.9999999,-65.40097006229932
315429687.4999999,-79.74910279882347
316406249.9999999,-76.45236583526115
317382812.4999999,-75.47230606509771
318359374.9999999,-75.62060787316128
319335937.4999999,-73.03143137436589
320312499.9999999,-80.96755926530052
321289062.4999999,-76.88562946344392
322265624.9999999,-72.2790979830007
323242187.4999999,-77.26700950407232
324218749.9999999,-83.03768292261647
325195312.4999999,-80.99622790051809
326171874.9999999,-71.54222161811883
327148437.4999999,-85.02365229477573
328124999.9999999,-72.32497535525231
329101562.4999999,-75.59287533754417
330078124.9999999,-60.48358071886882
331054687.4999999,-72.67430600065582
332031249.9999999,-88.90748743735847
333007812.4999999,-76.69204733053355
333984374.9999999,-73.91667219999952
334960937.4999999,-73.86720055784119
335937499.9999999,-75.64585567566859
336914062.4999999,-74.51678468379055
337890624.9999999,-76.6094774622169
338867187.4999999,-82.7202455171513
339843749.9999999,-75.95695738769783
340820312.4999999,-77.91626568203077
341796874.9999999,-68.01619728945857
342773437.4999999,-90.57361769670148
343749999.9999999,-68.62778647506872
344726562.4999999,-76.09433671110166
345703124.9999999,-68.16996429425497
346679687.4999999,-73.54830250969923
347656249.9999999,-62.33521735593246
348632812.4999999,-80.16331815496245
349609374.9999999,-81.38660566520757
350585937.4999999,-84.69585602225881
351562499.9999999,-80.46532548627528
352539062.4999999,-71.56901422146991
353515624.9999999,-67.09909009286417
354492187.4999999,-90.99935162972619
355468749.9999999,-75.75126043492024
356445312.4999999,-74.62659923325187
357421874.9999999,-80.16443657653616
358398437.4999999,-86.27808240495438
359374999.9999999,-75.07947481829339
360351562.4999999,-75.60430679496827
361328124.9999999,-84.02506971041294
362304687.4999999,-83.85955911865022
363281249.9999999,-74.11562206821748
364257812.4999999,-75.30946457639477
365234374.9999999,-74.87157527947564
366210937.4999999,-87.11908518660437
367187499.9999999,-68.76156380023882
368164062.4999999,-71.26921657505423
369140624.9999999,-65.60482776959464
370117187.4999999,-80.05412529929528
371093749.9999999,-71.04269032024598
372070312.4999999,-76.74012215959742
373046874.9999999,-60.42797480651022
374023437.4999999,-74.84097222517933
374999999.9999999,-66.81744394007482
375976562.4999999,-87.86910037033262
376953124.9999999,-99.25268500804286
377929687.4999999,-89.53572721962691
378906249.9999999,-78.65208991199763
379882812.4999999,-79.55234846873526
380859374.9999999,-79.97489432270474
381835937.4999999,-86.88747394479503
382812499.9999999,-49.80138601692537
383789062.4999999,-76.68270290386933
384765624.9999999,-71.91319276281898
385742187.4999999,-84.43818195962062
386718749.9999999,-75.71309173351125
387695312.4999999,-74.01608813964027
388671874.9999999,-78.70924772053364
389648437.4999999,-82.3898148397044
390624999.9999999,-64.59746826189176
391601562.4999999,-75.647461033353
392578124.9999999,-77.63727631272536
393554687.4999999,-78.89344070641961
394531249.9999999,-98.43118739103203
395507812.4999999,-87.8157651667054
396484374.9999999,-70.78925050588478
397460937.4999999,-79.64363010688028
398437499.9999999,-72.36633666232051
399414062.4999999,-79.46668391160091
400390624.9999999,-72.10372633239109
401367187.4999999,-78.55748513873284
402343749.9999999,-82.10072962623148
403320312.4999999,-78.40212950080685
404296874.9999999,-81.64009921459225
405273437.4999999,-77.45970603861394
406249999.9999999,-75.12052984319385
407226562.4999999,-80.00447962718783
408203124.9999999,-75.41626046399175
409179687.4999999,-80.50540629306444
410156249.9999999,-80.00871013815087
411132812.4999999,-82.9087473273367
412109374.9999999,-73.77475903027612
413085937.4999999,-84.33406155055097
414062499.9999999,-83.23535617863973
415039062.4999999,-82.33609525165166
416015624.9999999,-100.4490503765792
416992187.4999999,-74.13725682612188
417968749.9999999,-67.78876766068534
418945312.4999999,-78.44628055499582
419921874.9999999,-69.47014167238743
420898437.4999999,-76.75812702995746
421874999.9999999,-68.85379146484198
422851562.4999999,-82.83681919717927
423828124.9999999,-70.08686967458947
424804687.4999999,-78.1271422342744
425781249.9999999,-61.9599116364222
426757812.4999999,-94.71928950790073
427734374.9999999,-71.4314271324705
428710937.4999999,-87.13047842440859
429687499.9999999,-71.41755756900689
430664062.4999999,-79.43181415606934
431640624.9999999,-70.4323687078157
432617187.4999999,-77.44108542648702
433593749.9999999,-67.22140775652879
434570312.4999999,-78.36517292165337
435546874.9999999,-69.61732116731844
436523437.4999999,-84.34262089646273
437499999.9999999,-92.02755954575264
438476562.4999999,-75.98302690068338
439453124.9999999,-75.56434799594406
440429687.4999999,-73.38696909541474
441406249.9999999,-66.41574449644006
442382812.4999999,-88.16546749352158
443359374.9999999,-67.90562378151387
444335937.4999999,-78.76056524389936
445312499.9999999,-75.29270866486458
446289062.4999999,-78.08358787766595
447265624.9999999,-81.51230634609368
448242187.4999999,-81.43760643113022
449218749.9999999,-84.37889047353916
450195312.4999999,-73.97076637692416
451171874.9999999,-74.40593162048377
452148437.4999999,-81.79504889762018
453124999.9999999,-88.6264782765515
454101562.4999999,-82.62412532770584
455078124.9999999,-68.35146535631361
456054687.4999999,-93.33753563704862
457031249.9999999,-80.53063521246638
458007812.4999999,-75.01759206079666
458984374.9999999,-82.15404534673625
459960937.4999999,-82.37217091447742
460937499.9999999,-65.10717162533369
461914062.4999999,-74.12650772568919
462890624.9999999,-73.33448181532984
463867187.4999999,-74.97047791866503
464843749.9999999,-77.35037802757192
465820312.4999999,-73.2369274031815
466796874.9999999,-73.22983839361272
467773437.4999999,-78.3911586750003
468749999.9999999,-72.59796592718433
469726562.4999999,-80.49970631765005
470703124.9999999,-78.22466462064888
471679687.4999999,-80.44407403765456
472656249.9999999,-72.03881877623841
473632812.4999999,-84.58331676059804
474609374.9999999,-74.22775314646765
475585937.4999999,-77.20722079397133
476562499.9999999,-77.65824940442221
477539062.4999999,-75.88372282091161
478515624.9999999,-59.25727338300108
479492187.4999999,-73.11901045380284
480468749.9999999,-72.63946224457639
481445312.4999999,-79.24937515255168
482421874.9999999,-81.44343507796398
483398437.4999999,-85.98880164455278
484374999.9999999,-78.63148522221159
485351562.4999999,-81.65112492242326
486328124.9999999,-70.74505860171303
487304687.4999999,-87.80691637252329
488281249.9999999,-67.31170377637314
489257812.4999999,-79.83099114994812
490234374.9999999,-68.75876397758124
491210937.4999999,-78.32831511273936
492187499.9999999,-71.24559583165937
493164062.4999999,-85.96225633515003
494140624.9999999,-88.38714742739211
495117187.4999999,-75.07522771475416
496093749.9999999,-76.83362198921751
497070312.4999999,-75.3586054832663
498046874.9999999,-86.75117831067578
499023437.4999999,-76.09529577241909
499999999.9999999,-76.00580681972446
500976562.4999999,-76.12881635829775
501953124.9999999,-86.81812370561353
502929687.4999999,-75.45912873046008
503906249.9999999,-76.96765344667621
504882812.4999999,-75.24270121477839
505859374.9999999,-88.58829167422293
506835937.4999999,-86.19680415132561
507812499.9999999,-71.51352956873488
508789062.4999999,-78.62975663934162
509765624.9999999,-69.09370654357475
510742187.4999999,-80.19938074702669
511718749.9999999,-67.7136802247293
512695312.4999999,-88.24254600928367
513671874.9999999,-71.21405446473626
514648437.4999999,-82.15367613912287
515624999.9999999,-79.16748268556341
516601562.4999999,-86.55822913259502
517578124.9999999,-82.04661871643155
518554687.4999999,-79.88598032913622
519531249.9999999,-73.30962313502374
520507812.4999999,-73.82272168704236
521484374.9999999,-59.99456231698449
522460937.4999999,-76.65454555059094
523437499.9999999,-78.4626602635922
524414062.4999999,-78.04525894880096
525390624.9999999,-75.09934264074313
526367187.4999999,-85.48849741455589
527343749.9999999,-72.97757555264738
528320312.4999999,-81.4164309973151
529296874.9999999,-79.23059992387245
530273437.4999999,-81.53920543596465
531249999.9999999,-73.67117094328513
532226562.4999999,-79.49788633860631
533203124.9999999,-74.37029990180896
534179687.4999999,-74.41099363280726
535156249.9999999,-78.55816867362937
536132812.4999999,-76.21190379904954
537109374.9999999,-74.60958947741622
538085937.4999999,-75.43531058045667
539062499.9999999,-66.44961087635062
540039062.4999999,-83.74825249635499
541015624.9999999,-83.56384649193188
541992187.4999999,-76.46120327446182
542968749.9999999,-82.00789496048588
543945312.4999999,-94.84846288122532
544921874.9999999,-69.89634527503966
545898437.4999999,-84.2028757483653
546874999.9999999,-90.23870234678792
547851562.4999999,-83.44135036323915
548828124.9999999,-76.08599604547054
549804687.4999999,-75.6846554434909
550781249.9999999,-86.12667844184585
551757812.4999999,-83.21917769518977
552734374.9999999,-83.32782226401996
553710937.4999999,-79.93281583295922
554687499.9999999,-77.17593247249656
555664062.4999999,-80.67763236178557
556640624.9999999,-69.85664335613031
557617187.4999999,-90.15054787039857
558593749.9999999,-68.43466549401656
559570312.4999999,-75.43990876453053
560546874.9999999,-77.65127160269111
561523437.4999999,-78.1039403377869
562499999.9999999,-94.18273708644659
563476562.4999999,-86.53141037949585
564453124.9999999,-71.8403201081283
565429687.4999999,-80.62221847568162
566406249.9999999,-69.51256006920879
567382812.4999999,-79.76634549448609
568359374.9999999,-72.7917660925871
569335937.4999999,-81.82530225708531
570312499.9999999,-73.8453061646712
571289062.4999999,-89.59254359289673
572265624.9999999,-73.92754812869244
573242187.4999999,-97.24983072876611
574218749.9999999,-64.52451272488328
575195312.4999999,-80.72594105493999
576171874.9999999,-72.71999308807452
577148437.4999999,-85.50413364015863
578124999.9999999,-71.55555684657755
579101562.4999999,-79.49424930445625
580078124.9999999,-72.24063989943731
581054687.4999999,-81.2512751445219
582031249.9999999,-70.62811388471202
583007812.4999999,-77.01105478427132
583984374.9999999,-103.3565075774663
584960937.4999999,-85.27892886529013
585937499.9999999,-86.21267577229165
586914062.4999999,-87.34568779281942
587890624.9999999,-76.82108420300571
588867187.4999999,-85.98957657027653
589843749.9999999,-83.12431105378828
590820312.4999999,-83.65546642047345
591796874.9999999,-78.60107764265781
592773437.4999999,-83.22399141919492
593749999.9999999,-78.37479231650605
594726562.4999999,-80.74876520407493
595703124.9999999,-84.963952367239
596679687.4999999,-81.76062859789937
597656249.9999999,-85.49401241139357
598632812.4999999,-81.98560765459767
599609374.9999999,-75.56683550183448
600585937.4999999,-82.96471269247814
601562499.9999999,-75.89923653216897
602539062.4999999,-83.21145592313218
603515624.9999999,-74.39213882459673
604492187.4999999,-91.45354448380898
605468749.9999999,-102.1038270147497
606445312.4999999,-82.60157284679374
607421874.9999999,-81.38053997548546
608398437.4999999,-79.4257924094757
609374999.9999999,-68.41097650150471
610351562.4999999,-86.23844926771426
611328124.9999999,-82.59321114655963
612304687.4999999,-77.93529488005916
613281249.9999999,-79.66762532888492
614257812.4999999,-88.42814828850879
615234374.9999999,-75.93850565509838
616210937.4999999,-80.74344400546789
617187499.9999999,-53.89754104625742
618164062.4999999,-91.01929640037056
619140624.9999999,-84.14210492781569
620117187.4999999,-83.75502974353788
621093749.9999999,-82.89039794144453
622070312.4999999,-93.80955873120756
623046874.9999999,-103.5628137244324
624023437.4999999,-92.21416462094591
624999999.9999999,-71.19843354056427
625976562.4999999,-79.25770107609571
626953124.9999999,-64.88058000621621
627929687.4999999,-81.22858292353482
628906249.9999999,-75.56705259579383
629882812.4999999,-84.61434577398354
630859374.9999999,-70.20103863962609
631835937.4999999,-75.90145634428505
632812499.9999999,-73.42985955456913
633789062.4999999,-91.82334400362286
634765624.9999999,-79.61201944160257
635742187.4999999,-80.08608191469941
636718749.9999999,-78.92854982572882
637695312.4999999,-88.70878080287879
638671874.9999999,-88.91062854662789
639648437.4999999,-80.5261418885099
640624999.9999999,-80.03760856436857
641601562.4999999,-91.27251522651706
642578124.9999999,-85.1955410059755
643554687.4999999,-79.69416367031693
644531249.9999999,-80.85532893405357
645507812.4999999,-96.14022159672597
646484374.9999999,-72.27649373330216
647460937.4999999,-76.78306876349198
648437499.9999999,-85.71606370836496
649414062.4999999,-89.98335982389527
650390624.9999999,-86.71121940926683
651367187.4999999,-85.52473480580636
652343749.9999999,-67.73353600326257
653320312.4999999,-78.9836118386054
654296874.9999999,-73.64233630676992
655273437.4999999,-81.6037847096479
656249999.9999999,-74.17433289807407
657226562.4999999,-96.15775184274327
658203124.9999999,-73.63716725629611
659179687.4999999,-83.57448459378375
660156249.9999999,-81.65254708764409
661132812.4999999,-88.45310342043436
662109374.9999999,-82.38004462078386
663085937.4999999,-80.32482078800301
664062499.9999999,-81.49139641495319
665039062.4999999,-79.75036498444207
666015624.9999999,-79.83745801311245
666992187.4999999,-82.65056985805037
667968749.9999999,-94.904055351927
668945312.4999999,-78.70842227918953
669921874.9999999,-66.55564654297426
670898437.4999999,-81.70282962045242
671874999.9999999,-78.47296371731314
672851562.4999999,-91.20962555880767
673828124.9999999,-77.766474376517
674804687.4999999,-87.25849577807375
675781249.9999999,-89.3384960437522
676757812.4999999,-83.60598535823556
677734374.9999999,-78.65644200081721
678710937.4999999,-83.30132855550828
679687499.9999999,-87.42193878696931
680664062.4999999,-79.52418747105044
681640624.9999999,-82.15208957780555
682617187.4999999,-82.04233644861071
683593749.9999999,-83.06125433510357
684570312.4999999,-86.3967057739745
685546874.9999999,-72.08752348932022
686523437.4999999,-86.28543569149436
687499999.9999999,-84.69063693614549
688476562.4999999,-84.52700501384341
689453124.9999999,-100.4532640744811
690429687.4999999,-87.22328572525323
691406249.9999999,-81.43623814942795
692382812.4999999,-78.66018000400823
693359374.9999999,-83.05133916495522
694335937.4999999,-81.27743911905209
695312499.9999999,-74.27550827314413
696289062.4999999,-79.96638313653486
697265624.9999999,-81.30727755949424
698242187.4999999,-93.1311023894101
699218749.9999999,-83.85313412277993
700195312.4999999,-87.1043724537209
701171874.9999999,-76.8259282347454
702148437.4999999,-85.60024393067533
703124999.9999999,-75.17801111916675
704101562.4999999,-86.59173009076724
705078124.9999999,-79.0954182963266
706054687.4999999,-84.20126408134034
707031249.9999999,-73.87800874232944
708007812.4999999,-82.95174313648705
708984374.9999999,-75.42008934683287
709960937.4999999,-81.43369591478823
710937499.9999999,-79.61202692960175
711914062.4999999,-82.46317854795511
712890624.9999999,-63.67755765034558
713867187.4999999,-87.56786772014429
714843749.9999999,-81.52014864808923
715820312.4999999,-86.42721309512363
716796874.9999999,-78.08059669908272
717773437.4999999,-87.91265061163665
718749999.9999999,-79.55749860707019
719726562.4999999,-88.19669634513052
720703124.9999999,-91.61089874420962
721679687.4999999,-84.26221544720063
722656249.9999999,-76.87843400589838
723632812.4999999,-83.47528939001219
724609374.9999999,-81.56445024679714
725585937.4999999,-82.10532398787578
726562499.9999999,-93.40497216416283
727539062.4999999,-83.62833022919737
728515624.9999999,-76.55455227684989
729492187.4999999,-89.18601833312216
730468749.9999999,-90.2371957636375
731445312.4999999,-91.08880180787673
732421874.9999999,-89.75932179039089
733398437.4999999,-93.05656717052895
734374999.9999999,-82.22275530126815
735351562.4999999,-83.96387172283255
736328124.9999999,-85.7773840750292
737304687.4999999,-82.62996543662473
738281249.9999999,-86.28816095443274
739257812.4999999,-85.82264082606891
740234374.9999999,-80.58936949836026
741210937.4999999,-83.28534571203743
742187499.9999999,-87.93536670119552
743164062.4999999,-94.09054084317218
744140624.9999999,-86.56449426698775
745117187.4999999,-92.0938120382153
746093749.9999999,-80.3307935455761
747070312.4999999,-85.31328320910433
748046874.9999999,-79.04126187559937
749023437.4999999,-87.11853900929928
749999999.9999999,-75.78929357169726
750976562.4999999,-84.38062373793002
751953124.9999999,-106.4364673044634
752929687.4999999,-82.83448735751536
753906249.9999999,-96.42947840780954
754882812.4999999,-91.21185144383018
755859374.9999999,-74.83296727865171
756835937.4999999,-87.90219730864335
757812499.9999999,-78.9646196311388
758789062.4999999,-84.88048970677508
759765624.9999999,-89.09627440658745
760742187.4999999,-91.29089738635373
761718749.9999999,-79.97173241950797
762695312.4999999,-84.77637966677371
763671874.9999999,-82.01531915712438
764648437.4999999,-81.52349498934184
765624999.9999999,-62.73926987917801
766601562.4999999,-89.34934351589649
767578124.9999999,-88.38450622608075
768554687.4999999,-88.58959055722593
769531249.9999999,-79.98633540056235
770507812.4999999,-86.06692001659428
771484374.9999999,-87.41359416954748
772460937.4999999,-85.16295472730704
773437499.9999999,-73.64113167989639
774414062.4999999,-87.39690429386103
775390624.9999999,-86.63016513321085
776367187.4999999,-84.31664782077897
777343749.9999999,-88.24763905153512
778320312.4999999,-103.1034037109628
779296874.9999999,-77.93179750440801
780273437.4999999,-82.3814845622599
781249999.9999999,-75.60992356524262
782226562.4999999,-85.49819624611447
783203124.9999999,-77.90437593042462
784179687.4999999,-93.82173979608011
785156249.9999999,-78.83626623578631
786132812.4999999,-103.9133449729487
787109374.9999999,-95.75136490130497
788085937.4999999,-91.48341620398774
789062499.9999999,-84.71513899468491
790039062.4999999,-92.9017154411878
791015624.9999999,-84.96489179173959
791992187.4999999,-87.67218492792487
792968749.9999999,-87.16010072537465
793945312.4999999,-91.21511608205168
794921874.9999999,-88.8016071931433
795898437.4999999,-83.03242475133285
796874999.9999999,-81.65780161588859
797851562.4999999,-88.25580351837212
798828124.9999999,-79.70013868870031
799804687.4999999,-89.84826601929672
800781249.9999999,-83.45371931296815
801757812.4999999,-97.64547631567359
802734374.9999999,-95.20808939255747
803710937.4999999,-85.11755308681872
804687499.9999999,-81.30912390774454
805664062.4999999,-101.419806864044
806640624.9999999,-78.63657839517231
807617187.4999999,-95.76539768280654
808593749.9999999,-65.09164741695378
809570312.4999999,-92.69604198521046
810546874.9999999,-84.02569827493551
811523437.4999999,-90.7780682627024
812499999.9999999,-88.9430668764128
813476562.4999999,-90.37822922637623
814453124.9999999,-81.83419229245357
815429687.4999999,-88.0151045944866
816406249.9999999,-77.94428484152398
817382812.4999999,-94.44783445048056
818359374.9999999,-78.73639181219816
819335937.4999999,-90.27372416813148
820312499.9999999,-86.71216201090274
821289062.4999999,-86.37651813319094
822265624.9999999,-78.39632527322685
823242187.4999999,-94.62181654526776
824218749.9999999,-90.82817632775746
825195312.4999999,-89.1936167547653
826171874.9999999,-80.74090617389068
827148437.4999999,-90.69988390774273
828124999.9999999,-82.59194103393153
829101562.4999999,-88.42565036541097
830078124.9999999,-83.91788021113059
831054687.4999999,-88.25251387138485
832031249.9999999,-92.16503880500882
833007812.4999999,-99.24604925354295
833984374.9999999,-84.85405431566238
834960937.4999999,-93.41708309256505
835937499.9999999,-77.63945492585043
836914062.4999999,-94.68497615999119
837890624.9999999,-95.41226471352218
838867187.4999999,-106.0847901498202
839843749.9999999,-86.81721792098875
840820312.4999999,-102.5164811027332
841796874.9999999,-91.01522750316319
842773437.4999999,-99.01656221708778
843749999.9999999,-83.90558237926982
844726562.4999999,-88.32760557536623
845703124.9999999,-101.2833040829428
846679687.4999999,-85.94299818349998
847656249.9999999,-84.52024803896659
848632812.4999999,-99.89717672692015
849609374.9999999,-84.63074530031381
850585937.4999999,-88.48668863075343
851562499.9999999,-75.91026049909561
852539062.4999999,-96.06150362208101
853515624.9999999,-84.71700459885882
854492187.4999999,-87.34184507999372
855468749.9999999,-95.32146022706787
856445312.4999999,-94.51605894252934
857421874.9999999,-83.64444533907529
858398437.4999999,-93.81619172852784
859374999.9999999,-96.85448858104687
860351562.4999999,-91.50989358474298
861328124.9999999,-72.77523453525302
862304687.4999999,-88.37021245957388
863281249.9999999,-86.09178441145018
864257812.4999999,-95.06654290167042
865234374.9999999,-84.78563428463914
866210937.4999999,-100.5974173359214
867187499.9999999,-84.7457119076991
868164062.4999999,-93.64135701849386
869140624.9999999,-80.54116073525965
870117187.4999999,-91.6992820125899
871093749.9999999,-87.24924654710071
872070312.4999999,-97.21334536351839
873046874.9999999,-90.84399995498231
874023437.4999999,-92.30355131940344
874999999.9999999,-84.66303360888283
875976562.4999999,-99.52232782526599
876953124.9999999,-90.69844068448124
877929687.4999999,-90.28728553383343
878906249.9999999,-85.24411596428261
879882812.4999999,-92.34460318148193
880859374.9999999,-106.519976594423
881835937.4999999,-93.54390102454909
882812499.9999999,-91.44447946448518
883789062.4999999,-87.45979048464825
884765624.9999999,-85.2131263803084
885742187.4999999,-92.61981890447271
886718749.9999999,-85.45123663495195
887695312.4999999,-91.62665574800204
888671874.9999999,-90.81361086516296
889648437.4999999,-96.71516121135333
890624999.9999999,-105.3481996087729
891601562.4999999,-93.97638778452692
892578124.9999999,-91.06291964232025
893554687.4999999,-97.47042356094376
894531249.9999999,-79.52136749156311
895507812.4999999,-93.48628748000284
896484374.9999999,-93.69585073445305
897460937.4999999,-104.4249957109993
898437499.9999999,-96.00701571886596
899414062.4999999,-98.9653587895117
900390624.9999999,-90.23532067979944
901367187.4999999,-93.90793095836911
902343749.9999999,-89.56685787707386
903320312.4999999,-87.66475685440547
904296874.9999999,-26.40088456279409
905273437.4999999,-90.28996062969553
906249999.9999999,-84.971821918988
907226562.4999999,-89.47389110878487
908203124.9999999,-92.03299307551583
909179687.4999999,-88.4736855715507
910156249.9999999,-94.74754588815081
911132812.4999999,-92.32434563218871
912109374.9999999,-93.02329877643977
913085937.4999999,-95.76306867695293
914062499.9999999,-95.65092962612997
915039062.4999999,-97.32493696710148
916015624.9999999,-91.91169557374592
916992187.4999999,-108.2962448011244
917968749.9999999,-91.34271107980624
918945312.4999999,-95.16862796920233
919921874.9999999,-93.74248373392241
920898437.4999999,-98.79222848886272
921874999.9999999,-85.84196682356365
922851562.4999999,-96.82719380579145
923828124.9999999,-98.01971719125778
924804687.4999999,-93.483133680896
925781249.9999999,-94.60396507709039
926757812.4999999,-95.45536467280046
927734374.9999999,-99.24037106650616
928710937.4999999,-95.49030035717914
929687499.9999999,-90.31316403891446
930664062.4999999,-102.0348145375439
931640624.9999999,-93.19070907066046
932617187.4999999,-100.999378573033
933593749.9999999,-86.36683607890288
934570312.4999999,-107.5396192986528
935546874.9999999,-97.04586110935267
936523437.4999999,-104.8500683531144
937499999.9999999,-99.25914925403245
938476562.4999999,-97.44218094934016
939453124.9999999,-103.896088224629
940429687.4999999,-92.87211460912889
941406249.9999999,-88.07936715596482
942382812.4999999,-101.042635699018
943359374.9999999,-93.62373700681587
944335937.4999999,-95.5781301828269
945312499.9999999,-91.02812925341921
946289062.4999999,-108.5329156328539
947265624.9999999,-89.18802595608967
948242187.4999999,-99.4183909269665
949218749.9999999,-93.8971726619002
950195312.4999999,-107.0087844841272
951171874.9999999,-105.250475291814
952148437.4999999,-106.2811391187384
953124999.9999999,-94.77774871627099
954101562.4999999,-104.1603949150489
955078124.9999999,-99.39261583235607
956054687.4999999,-103.2226527683749
957031249.9999999,-92.55282977229933
958007812.4999999,-106.8153307558667
958984374.9999999,-99.35987362193727
959960937.4999999,-101.1600179437008
960937499.9999999,-97.55343892056726
961914062.4999999,-105.1120189385677
962890624.9999999,-97.34879663418708
963867187.4999999,-99.33396078687042
964843749.9999999,-92.55997823055058
965820312.4999999,-99.46437433491346
966796874.9999999,-95.38439290973638
967773437.4999999,-103.6958766526191
968749999.9999999,-105.8541152526654
969726562.4999999,-107.9021574885881
970703124.9999999,-97.13470127744719
971679687.4999999,-103.8635405744157
972656249.9999999,-101.5763870243538
973632812.4999999,-110.7457070388828
974609374.9999999,-99.00013707068409
975585937.4999999,-113.4440378734978
976562499.9999999,-98.58304961463385
977539062.4999999,-105.3310438310643
978515624.9999999,-107.9424827081662
979492187.4999999,-110.1174479855771
980468749.9999999,-110.902944868867
981445312.4999999,-109.4301753550996
982421874.9999999,-104.6013041218077
983398437.4999999,-119.1604117212408
984374999.9999999,-106.6738819819463
985351562.4999999,-119.2316620811842
986328124.9999999,-118.3058219388844
987304687.4999999,-111.3083746804633
988281249.9999999,-113.1072402573046
989257812.4999999,-118.5851491121142
990234374.9999999,-103.7511844321787
991210937.4999999,-137.8506740780314
992187499.9999999,-110.5166265377524
993164062.4999999,-121.6649994534918
994140624.9999999,-113.6801827543239
995117187.4999999,-120.9230965581399
996093749.9999999,-117.9428054605414
997070312.4999999,-126.3987544543437
998046874.9999999,-122.3803076246258
999023437.4999999,-133.8059962810219
999999999.9999999,-189.0729579959784
